AT103	34
ESI3	200
ETR1	242
Era	651
HAGH1	313
IAP75	5090
ICFG	1410
Sac1	535
aat	80
abfB	226
accA	727
accB	1119
accC	1126
accD	935
ackA	1138
acp	2475
acs	2325
act	514
adk	842
agp	3632
ahcY	14341
alaS	1283
alr	2747
ama	953
amiA	4782
amiC	1688
ams1	1374
amt1	9011
amt2	718
amt3	309
ank	729
apcA	57193
apcB	46769
apcC	7071
apcD	3814
apcE	39489
apcF	5597
ape2	1248
apqZ	5537
apt	456
arcC	209
argB	434
argC	3813
argD	2644
argF	748
argG	4206
argH	1609
argJ	3697
argS	1309
aroA	1210
aroB	480
aroC	968
aroE	381
aroH	1024
aroK	143
aroQ	1328
arsA	175
arsC	84
asd	2854
aslB	842
asnS	610
aspA	1436
aspC	2402
aspS	3980
atp1	18345
atpA	18869
atpB	20139
atpC	9051
atpD	3925
atpE	4628
atpF	3968
atpG	6399
atpH	8816
atpI	28174
bchB	99
bchE	293
bcp	1195
bfr	2989
bgl	367
bhy	1570
bioB	1419
bioF	12003
bioY	743
birA	1058
blaOXA-3	235
braG or livF	625
brkB	452
btpA	911
bvdR	323
cad	380
capA	99
carA	3034
carB	4592
cbaB	478
cbbA	20224
cbbZp	232
cbiA	968
cbiB	224
cbiC	220
cbiD	271
cbiE	247
cbiF	453
cbiH	1510
cbiL	106
cbiM	2700
cbiP	908
cbiT	863
ccmA	5076
ccmK	14405
ccmL	1884
ccmM	10308
ccmN	1506
ccsA	1762
cdsA	620
cefD	429
cfxE	3410
chlB	9055
chlD	932
chlG	2277
chlH	7654
chlI	1024
chlL	4411
chlM	1065
chlN	1806
chrA	224
citH	1324
clcD	855
clpB	3870
clpC	14607
clpP	12946
clpX	1686
cmpA	35
cmpB	15
cmpR	88
cobA	335
cobN	569
cobU	92
cobW	280
codA	273
comEc	458
cpcA	125285
cpcB	117939
cpcC	48748
cpcD	5229
cpcE	381
cpcF	202
cpcG	33485
crtE	1309
crtO	200
crtQ	336
crtX	420
cscK	265
csgA	369
ctaB	3437
ctaC	4928
ctaD	9110
ctaE	2525
ctpA	794
ctpB	3342
cyaA	1759
cydA	5010
cydB	2545
cynS	279
cyp	3544
cysA	411
cysC	955
cysE	399
cysG	290
cysH	723
cysK	686
cysM	499
cysQ	448
cysS	1438
cysT	62
cysW	69
cytM	632
dacB	4571
dapA	2049
dapB	306
dapF	2145
dcoH	231
dctP	595
ddh	2368
ddlA	497
deaD	8544
def	928
degT	2011
deoC	439
desA	5081
desB	868
desC(des9)	9652
desD(des6)	3070
devB	576
dfp	1522
dfr	1449
dfrA	575
dgkA	1233
dgt	247
divK	353
dnaA	454
dnaB	688
dnaE	1764
dnaG	334
dnaJ	2606
dnaK	26725
dnaN	804
dnaX	642
dnaX and dnaZ	145
dpm1	536
drgA	3139
dsbD	748
eda	265
efp	1625
eno	4964
entC	1570
envM	587
epsB	6167
erg6	813
exbB	1802
exoD	418
exsB	494
fabD	500
fabF	4737
fabG	2058
fabH	575
fabZ	561
fbp	1997
fda	765
fecB	344
fecC	115
fecD	101
fecE	198
feoB	1640
ffh	781
fhuA	621
fmt	455
fmu/fmv	1726
folC	1247
folD	567
folE	1417
folK	286
folP	271
fraH	783
frdA	1253
frpC	8823
frr	833
ftrC	356
ftrV	568
ftsH	18424
ftsI	3924
ftsY	1910
ftsZ	7747
fumC	263
fur	588
fus	24931
gabD	2296
gad	1971
galE	1959
gap1	3660
gap2	10745
gcp	348
gcpE	1866
gcvH	455
gcvP	968
gcvT	456
gdh	1245
gdhA	1327
gdhB	296
gerCb	290
ggt	1329
ggtA	824
gidA	2023
gidB	803
glbN	299
glcD	1005
glcE	1935
glcF	1314
glcP	1828
gldA	1186
glgA	3630
glgB	4665
glgP	13281
glgX	9474
glk	430
glmS	1729
glmU	1198
glnA	3970
glnB	8773
glnH	322
glnH/glnP	652
glnN	1791
glpD	981
glpK	727
glpX	12907
gltA	1654
gltB	7430
gltD	3607
gltS	439
gltX	775
glyQ	944
glyS	1772
gmhA	1424
gmk	183
gnd	12290
gpmB	971
gpsA	921
groEL	28274
groEL-2	8130
groES	6705
grpE	1223
grxC	826
gshB	1454
gspD	5962
gspE	3538
gspF	519
gst	504
gst1	660
guaA	5503
guaB	5870
gumB	1597
gylA	3211
gyrA	3596
gyrB	5052
hdrB	965
hemA	2188
hemB	1294
hemC	1943
hemD	1039
hemE	2300
hemF	4183
hemH	3392
hemK	326
hemL	2108
hemN	360
hflX	807
hglK	687
hhoA	1360
hhoB	1370
hisA	515
hisB	1068
hisC	4332
hisD	1770
hisF	272
hisG	626
hisH	456
hisI	1486
hisS	1987
hitB	1181
hliA	986
hlyB	9162
hlyD	5655
ho1	10433
ho2	115
hofD	469
hofG	28769
hoxF	1295
hoxH	962
hoxU	429
hoxY	257
hpcE	904
hrcA	855
hsp17	1053
htpG	2457
htrA	2527
hupE	964
hypA	254
hypB	1114
hypC	434
hypD	304
hypE	468
hypF	358
icd	930
icfA	1512
icsA	230
ileS	2741
ilvA	1010
ilvB	2222
ilvC	3043
ilvD	3852
ilvE	1699
ilvG	6329
ilvN	1418
im30	2919
infA	223
infB	11113
infC	4340
int	455
isiA	217
isiB	25
iutA	144
katG	4056
kdpA	547
kdpB	937
kdpC	241
kdpD	120
kdtB	331
kpsM	706
kpsT	285
ksgA	113
lacF	573
lacG	415
lap	897
lepA	3733
lepB	1195
leuA	3104
leuB	1424
leuC	1914
leuD	1008
leuS	3058
lexA	9126
lgt	698
lig	3147
lim	2530
lim17	629
lipA	653
lipB	362
livF	782
livG	692
livH	921
llaI.2	681
lmbP	455
lpxA	914
lpxB	741
lpxC	316
lpxD	1049
lrtA	2086
lspA	303
lysA	2759
lysC	1018
lysS	1680
lytB	923
lytR	1093
maf	100
malK	474
malQ	2837
manA	410
map	1684
map%2C pepM	626
mbpA	486
mcpA	4977
me	1526
melB	4520
menA	798
menB	551
menD	952
menE	199
merA	287
merR	292
met3	1477
metH	1656
metS	2415
metX	3514
mfd	1098
mgtC	718
mgtE	608
miaA	168
minC	641
minD	766
minE	254
mltA	418
mmsB	306
mntA	103
mntB	68
mntC	248
moaA	232
moaC	175
moaE	47
modA	47
moeA	365
moeB	3604
mom72	494
morR	713
moxR	720
mraY	1063
mrcA	2799
mrcB	1301
mrdB	1069
mscL	551
msrA	2128
mtfB	288
murC	1987
murD	486
murE	1307
murF	744
murG	632
murI	5866
murZ	4594
mutL	616
mutM	2131
mutS	3345
mutT	208
nadA	121
nadB	698
nadC	397
nadE	699
napA	1766
napC	736
narB	1146
natA	235
natB	2735
nblA	289
ndh	3630
ndhA	2718
ndhB	6160
ndhC	987
ndhD	9747
ndhD2	2048
ndhD3	418
ndhE	1129
ndhF	14685
ndhG	2671
ndhH	2392
ndhI	1369
ndhJ	1480
ndhK	2203
ndhK2	96
ndhL	436
ndkR	819
nifJ	3043
nifS	3190
nirA	1241
nlpD	20586
norA	1374
norB	509
nplT	531
nrdA	4509
nreB	203
nrtA	1961
nrtB	1366
nrtC	3774
nrtD	1891
ntcA	2356
ntcB	80
nth	444
ntpJ	892
nucH	66158
nusA	2338
nusB	395
nusG	1703
nylA	724
odhB	3041
opcA	2768
otsA	2806
p	653
panB	429
panC/kcy	485
panD	415
pbp	241
pchR	235
pcnB	1212
pcr	1804
pcrR	77
pdhB	1253
pds	897
pdxA	132
pdxH	825
pdxJ	771
pepP	829
pet112	2126
petA	5949
petB	10420
petC	5585
petD	9439
petE	17972
petF	20860
petG	1054
petH	8576
petJ	136
petM	161
pfkA	1816
pgi	2305
pgk	10093
pgm	2878
pgsA	171
phb	564
phbC	982
phdD	2021
pheA	550
pheS	1497
pheT	2281
phoA	2700
phoH	869
phoU	363
phr	1362
phy	10394
pilC	1063
pilJ	12895
pilM	3598
pilT	7742
pknA	3277
pleD	2286
plsX	928
pma1	387
pmbA	418
pmgA	973
pnp	7567
pntA	9071
pntB	1580
pobA	285
polA	581
ponA	2318
ppa	3165
ppc	2981
ppd	318
ppiB	1559
ppk	6650
ppsA	932
ppx	1081
pqqE	1026
prc	3001
prfA	808
prfB	618
prfC	2339
priA	1023
prk	7542
prlC	1712
prmA	1385
proA	3259
proB	504
proC	824
proS	1777
prsA	5397
psaA	175575
psaB	147394
psaC	14509
psaD	11987
psaE	3645
psaF	19407
psaI	2046
psaJ	4460
psaK	3513
psaL	13869
psaM	4252
psb13	580
psbA1	319
psbA2	158872
psbA3	71584
psbB	32101
psbC	41838
psbD	35885
psbD2	22562
psbE	3532
psbF	575
psbH	5429
psbI	3447
psbJ	533
psbK	2725
psbL	690
psbM	1536
psbN	1080
psbO	8935
psbT	4033
psbU	4344
psbV	5082
psbX	1234
psbZ	1897
psr	947
pstA	25362
pstB	25248
pstC	46040
pstS	120963
pta	3575
pth	179
purA	1919
purB	1516
purC	847
purD	580
purE	288
purF	1286
purH	1138
purK	865
purL	2682
purM	352
purN	500
purT	977
purU	517
putA	2082
pxcA	266
pykF	2607
pyrB	435
pyrC	1190
pyrD	418
pyrF	658
pyrG	1488
pyrH	1404
pyrR	478
pys	1566
queA	255
radC	493
rapQ	518
rbcL	42985
rbcR	432
rbcS	5918
rbcX	12267
rbpA	24871
recA	1167
recF	305
recG	539
recJ	1158
recN	124
recQ	2072
recR	814
repA	1926
rfbA	869
rfbB	4259
rfbC	511
rfbD	3312
rfbE	1316
rfbF	822
rfbG	1498
rfbJ	764
rfbM	683
rfbP	8343
rfbU	1476
rfbW	543
rffM	698
rhnB	454
ribA	1135
ribC	263
ribG	156
ribH	2282
rimI	168
rlpA	2287
rnb	1841
rnc	1893
rnd	820
rne	2621
rnhA	583
rnpA	805
rnpB	77886
rpiA	869
rpiB	25
rpl1	6034
rpl10	3305
rpl11	2129
rpl12	2723
rpl13	2287
rpl14	583
rpl15	1138
rpl16	1099
rpl17	1249
rpl18	666
rpl19	2070
rpl2	2313
rpl20	4224
rpl21	3692
rpl22	881
rpl23	688
rpl24	799
rpl27	2432
rpl28	2674
rpl29	314
rpl3	2758
rpl31	1801
rpl33	891
rpl34	251
rpl35	2149
rpl36	1678
rpl4	1501
rpl5	1709
rpl6	1178
rpl9	3030
rpoA	5158
rpoB	11042
rpoC1	8976
rpoC2	13204
rpoD	6333
rpoDI	7072
rpoE	10312
rpoF	1438
rps1	15529
rps10	1964
rps11	2364
rps12	6563
rps13	2524
rps14	5304
rps15	2433
rps16	1582
rps17	365
rps18	730
rps19	546
rps2	4739
rps20	3697
rps21	3284
rps3	1847
rps32	831
rps4	4047
rps5	1684
rps6	1999
rps7	3769
rps8	1077
rps9	1938
rrn16Sa	1601590
rrn16Sb	1618448
rrn23Sa	5627587
rrn23Sb	5607030
rrn5Sa	2802
rrn5Sb	2633
rub	986
ruvA	150
ruvB	205
sarA	911
sbpA	43
sdhB	2840
sds	214
secA	2651
secD	1276
secE	2098
secF	873
secY	4455
serA	4506
serS	945
sfsA	308
sgl0001	12
sgl0002	890
shc	1918
sir	2842
ski2	1626
sll0005	1539
sll0007	403
sll0008	124
sll0010	5
sll0012	91
sll0019	1456
sll0021	774
sll0022	417
sll0023	476
sll0024	321
sll0031	568
sll0033	749
sll0034	1015
sll0036	809
sll0037	5335
sll0038	2981
sll0039	1156
sll0040	2250
sll0041	6993
sll0043	1851
sll0044	150
sll0047	737
sll0048	1179
sll0051	1867
sll0055	533
sll0060	163
sll0062	564
sll0063	1569
sll0064	726
sll0066	875
sll0068	2991
sll0069	792
sll0071	227
sll0072	115
sll0082	103
sll0085	527
sll0086	598
sll0088	605
sll0092	68
sll0094	430
sll0095	634
sll0096	364
sll0098	1732
sll0101	60
sll0102	242
sll0103	1133
sll0135	876
sll0141	843
sll0142	1819
sll0146	630
sll0147	869
sll0148	2694
sll0149	1997
sll0154	2265
sll0156	901
sll0157	400
sll0160	681
sll0161	5
sll0162	233
sll0163	2632
sll0167	414
sll0168	367
sll0169	5112
sll0172	764
sll0173	1015
sll0174	512
sll0175	564
sll0176	688
sll0177	583
sll0178	682
sll0180	4431
sll0181	464
sll0182	1040
sll0183	985
sll0185	4606
sll0188	1767
sll0189	272
sll0191	202
sll0192	159
sll0195	386
sll0198	144
sll0200	62
sll0201	50
sll0205	357
sll0208	4567
sll0209	1529
sll0210	591
sll0216	260
sll0217	362
sll0218	42
sll0219	281
sll0224	545
sll0225	325
sll0228	852
sll0230	169
sll0236	591
sll0237	174
sll0238	288
sll0240	96
sll0241	426
sll0242	499
sll0243	223
sll0245	1036
sll0249	42
sll0252	1839
sll0253	217
sll0254	1298
sll0257	188
sll0260	1142
sll0261	685
sll0263	880
sll0264	495
sll0265	140
sll0266	344
sll0267	2023
sll0268	682
sll0269	304
sll0272	1366
sll0273	1460
sll0274	423
sll0280	31
sll0281	99
sll0282	77
sll0283	438
sll0284	790
sll0286	695
sll0293	547
sll0294	648
sll0295	157
sll0296	818
sll0297	1286
sll0298	1024
sll0301	420
sll0309	539
sll0310	148
sll0312	180
sll0314	792
sll0315	81
sll0317	7
sll0318	469
sll0319	1991
sll0321	671
sll0325	803
sll0327	81
sll0328	39
sll0335	330
sll0350	2170
sll0354	468
sll0355	497
sll0359	3662
sll0360	776
sll0361	264
sll0364	81
sll0369	125
sll0371	196
sll0372	1209
sll0376	984
sll0381	12674
sll0382	3635
sll0384	2756
sll0385	2198
sll0394	441
sll0395	643
sll0396	788
sll0397	157
sll0400	593
sll0403	33
sll0405	1317
sll0406	555
sll0408	3394
sll0409	205
sll0410	290
sll0412	411
sll0413	1765
sll0414	752
sll0415	415
sll0418	795
sll0419	127
sll0422	843
sll0423	544
sll0424	518
sll0426	954
sll0428	74
sll0431	143
sll0436	95
sll0441	492
sll0442	157
sll0443	1170
sll0444	405
sll0445	1258
sll0446	531
sll0447	25
sll0448	18
sll0449	89
sll0451	132
sll0456	538
sll0462	636
sll0470	1921
sll0471	759
sll0473	643
sll0474	366
sll0477	190
sll0478	21
sll0479	56
sll0480	1875
sll0481	454
sll0482	590
sll0484	139
sll0485	705
sll0486	205
sll0487	808
sll0488	303
sll0489	246
sll0493	363
sll0494	265
sll0496	352
sll0497	185
sll0498	244
sll0499	559
sll0501	171
sll0503	397
sll0505	583
sll0506	440
sll0507	851
sll0508	128
sll0509	164
sll0513	1093
sll0514	3147
sll0518	2538
sll0524	494
sll0525	252
sll0528	1149
sll0529	2641
sll0536	253
sll0539	533
sll0540	409
sll0543	1932
sll0544	798
sll0545	253
sll0546	505
sll0547	489
sll0549	510
sll0550	1739
sll0552	191
sll0553	613
sll0556	1719
sll0558	1018
sll0563	260
sll0564	447
sll0565	287
sll0572	676
sll0576	1545
sll0577	1619
sll0585	1020
sll0586	302
sll0588	1405
sll0590	569
sll0594	4351
sll0595	834
sll0596	451
sll0597	437
sll0601	606
sll0602	1652
sll0606	219
sll0608	163
sll0609	142
sll0611	696
sll0614	141
sll0615	112
sll0623	731
sll0624	251
sll0625	626
sll0630	859
sll0638	959
sll0639	865
sll0641	445
sll0644	249
sll0645	545
sll0647	525
sll0649	1077
sll0650	94
sll0651	104
sll0654	92514
sll0658	292
sll0659	844
sll0662	618
sll0664	137
sll0665	33
sll0666	13
sll0667	86
sll0668	10
sll0669	5
sll0670	18
sll0671	95
sll0672	775
sll0676	139
sll0677	101
sll0678	7
sll0685	2197
sll0686	534
sll0687	218
sll0688	168
sll0689	1195
sll0691	519
sll0696	201
sll0699	67
sll0700	60
sll0702	168
sll0703	235
sll0710	503
sll0711	754
sll0720	634
sll0721	14456
sll0722	2877
sll0723	10311
sll0727	582
sll0729	235
sll0732	52
sll0733	122
sll0735	1709
sll0736	661
sll0737	593
sll0739	126
sll0740	141
sll0742	109
sll0743	79
sll0744	241
sll0749	370
sll0752	488
sll0754	1071
sll0755	713
sll0756	390
sll0759	768
sll0761	909
sll0762	378
sll0763	376
sll0765	545
sll0772	826
sll0775	27
sll0777	60
sll0778	203
sll0779	966
sll0780	29
sll0781	362
sll0782	62
sll0783	164
sll0785	35
sll0786	7
sll0787	19
sll0788	315
sll0789	177
sll0790	153
sll0793	48
sll0797	77
sll0798	97
sll0800	94
sll0802	244
sll0803	107
sll0804	287
sll0808	36
sll0809	63
sll0810	349
sll0811	93
sll0812	518
sll0814	2028
sll0815	865
sll0816	461
sll0818	488
sll0821	1464
sll0822	6065
sll0827	294
sll0832	60
sll0833	595
sll0834	933
sll0837	1846
sll0839	222
sll0843	415
sll0844	831
sll0846	972
sll0847	430
sll0853	743
sll0854	883
sll0855	565
sll0857	66
sll0858	312
sll0860	582
sll0861	408
sll0862	1037
sll0863	132
sll0864	102
sll0867	247
sll0871	242
sll0872	1106
sll0875	499
sll0877	774
sll0886	504
sll0887	1114
sll0888	254
sll0896	183
sll0898	454
sll0909	91
sll0910	246
sll0911	107
sll0912	630
sll0913	303
sll0914	83
sll0921	710
sll0922	6
sll0924	363
sll0925	183
sll0926	331
sll0930	938
sll0931	556
sll0932	803
sll0933	1601
sll0936	672
sll0938	209
sll0939	47
sll0943	269
sll0944	857
sll0980	507
sll0981	176
sll0982	706
sll0983	606
sll0984	136
sll0985	555
sll0986	39
sll0990	810
sll0992	418
sll0993	273
sll0994	232
sll0995	705
sll0996	575
sll0997	801
sll0998	2863
sll1001	961
sll1003	709
sll1004	954
sll1005	330
sll1006	258
sll1011	422
sll1020	280
sll1021	1742
sll1022	1313
sll1024	268
sll1025	1033
sll1033	3216
sll1036	584
sll1037	1023
sll1039	364
sll1040	355
sll1041	314
sll1049	754
sll1052	103
sll1053	2038
sll1054	418
sll1060	932
sll1061	63
sll1062	55
sll1063	378
sll1064	493
sll1068	99
sll1071	372
sll1072	224
sll1078	75
sll1080	322
sll1081	87
sll1084	1042
sll1086	1422
sll1087	1958
sll1089	908
sll1091	11676
sll1092	335
sll1094	34
sll1095	101
sll1102	451
sll1103	900
sll1106	5846
sll1107	579
sll1108	766
sll1109	816
sll1118	452
sll1119	344
sll1120	1067
sll1121	243
sll1123	439
sll1124	2269
sll1130	5870
sll1131	476
sll1132	621
sll1135	382
sll1138	204
sll1142	352
sll1144	363
sll1147	345
sll1150	3791
sll1151	1335
sll1155	1034
sll1156	336
sll1157	144
sll1158	53
sll1159	178
sll1160	126
sll1161	193
sll1162	98
sll1163	47
sll1164	204
sll1166	432
sll1169	25
sll1170	163
sll1173	246
sll1174	238
sll1178	898
sll1186	605
sll1188	301
sll1191	290
sll1192	143
sll1193	661
sll1200	476
sll1201	719
sll1202	66
sll1203	84
sll1204	77
sll1213	2063
sll1214	10989
sll1217	265
sll1219	861
sll1220	1024
sll1222	358
sll1225	184
sll1228	703
sll1229	686
sll1232	121
sll1233	276
sll1236	112
sll1239	455
sll1240	74
sll1241	198
sll1242	3491
sll1247	1398
sll1250	45
sll1251	672
sll1252	260
sll1254	510
sll1255	56
sll1256	78
sll1257	51
sll1258	386
sll1262	881
sll1263	905
sll1265	4399
sll1267	2833
sll1268	1174
sll1271	242
sll1272	459
sll1273	818
sll1274	306
sll1276	1173
sll1280	959
sll1284	170
sll1285	142
sll1286	1275
sll1289	255
sll1291	7941
sll1292	2758
sll1293	2084
sll1296	6696
sll1300	333
sll1304	1362
sll1305	1428
sll1306	2426
sll1307	1569
sll1308	352
sll1315	383
sll1318	319
sll1319	264
sll1329	761
sll1330	1302
sll1333	391
sll1334	1190
sll1336	3527
sll1338	28078
sll1340	151
sll1344	627
sll1348	648
sll1350	424
sll1352	238
sll1353	609
sll1355	525
sll1358	3168
sll1359	1411
sll1365	421
sll1366	842
sll1367	335
sll1369	1135
sll1371	433
sll1372	299
sll1373	144
sll1376	1099
sll1377	1500
sll1378	343
sll1380	941
sll1381	299
sll1384	2167
sll1386	160
sll1387	1543
sll1388	416
sll1389	87
sll1390	1752
sll1392	133
sll1396	407
sll1397	169
sll1399	725
sll1400	79
sll1401	156
sll1405	12
sll1407	20
sll1411	58
sll1414	1740
sll1415	575
sll1418	749
sll1424	1089
sll1426	728
sll1428	215
sll1429	155
sll1433	667
sll1436	109
sll1437	53
sll1439	42
sll1442	274
sll1446	630
sll1447	227
sll1455	98
sll1456	491
sll1459	324
sll1461	575
sll1464	929
sll1466	659
sll1469	407
sll1472	1957
sll1473	1923
sll1474	26
sll1475	767
sll1476	46
sll1477	1071
sll1481	827
sll1482	306
sll1483	1265
sll1485	468
sll1486	847
sll1488	1272
sll1489	806
sll1491	604
sll1495	593
sll1496	2685
sll1500	241
sll1503	912
sll1504	80
sll1505	67
sll1507	227
sll1510	191
sll1511	76
sll1512	287
sll1515	4631
sll1516	873
sll1521	1008
sll1524	1067
sll1526	955
sll1527	608
sll1528	2307
sll1530	1392
sll1531	1265
sll1532	1480
sll1534	1434
sll1537	62
sll1541	412
sll1542	383
sll1543	84
sll1544	283
sll1547	127
sll1549	50
sll1550	1949
sll1552	6090
sll1555	1174
sll1556	562
sll1558	1258
sll1559	4130
sll1560	40
sll1562	238
sll1563	938
sll1568	586
sll1570	252
sll1571	1116
sll1573	273
sll1574	365
sll1575	632
sll1582	1268
sll1584	234
sll1586	3032
sll1590	899
sll1592	263
sll1595	429
sll1596	88
sll1601	354
sll1606	306
sll1608	1309
sll1609	374
sll1611	2259
sll1613	270
sll1618	425
sll1620	848
sll1621	7279
sll1623	249
sll1624	1116
sll1628	1240
sll1630	57
sll1631	179
sll1632	1107
sll1634	224
sll1635	758
sll1638	3962
sll1640	698
sll1642	58
sll1643	527
sll1647	225
sll1652	208
sll1654	1010
sll1656	1454
sll1658	93
sll1659	909
sll1660	230
sll1663	743
sll1664	716
sll1665	6605
sll1671	118
sll1672	901
sll1673	612
sll1675	179
sll1677	367
sll1678	140
sll1680	1016
sll1681	850
sll1682	351
sll1686	941
sll1687	872
sll1691	650
sll1692	669
sll1693	947
sll1696	893
sll1697	1102
sll1698	128
sll1699	713
sll1702	488
sll1708	589
sll1710	412
sll1712	9335
sll1714	81
sll1715	85
sll1716	201
sll1717	362
sll1722	899
sll1723	266
sll1725	440
sll1726	147
sll1730	453
sll1734	372
sll1735	391
sll1736	268
sll1737	949
sll1738	724
sll1739	1037
sll1749	715
sll1751	214
sll1752	551
sll1755	309
sll1757	3056
sll1758	3610
sll1761	123
sll1762	2255
sll1763	1255
sll1764	802
sll1765	683
sll1768	309
sll1769	755
sll1770	2592
sll1771	2351
sll1773	341
sll1774	401
sll1775	1520
sll1780	32
sll1783	2411
sll1784	3211
sll1785	2788
sll1786	3860
sll1791	54
sll1792	57
sll1824	1890
sll1825	540
sll1830	4235
sll1832	2974
sll1834	264
sll1835	241
sll1837	1620
sll1845	286
sll1848	289
sll1849	130
sll1851	7
sll1853	197
sll1858	1193
sll1860	90
sll1861	36
sll1862	5693
sll1863	859
sll1864	846
sll1866	498
sll1870	141
sll1871	414
sll1873	3703
sll1878	2413
sll1879	1965
sll1880	518
sll1882	1314
sll1884	1673
sll1885	1534
sll1886	966
sll1888	1803
sll1891	1667
sll1892	652
sll1895	1595
sll1897	222
sll1898	1387
sll1902	116
sll1905	1191
sll1906	1143
sll1911	744
sll1912	56
sll1913	324
sll1915	432
sll1916	185
sll1920	1038
sll1921	930
sll1924	264
sll1925	523
sll1926	1303
sll1927	2486
sll1930	43
sll1934	118
sll1938	434
sll1939	429
sll1940	293
sll1942	724
sll1945	4943
sll1946	768
sll1949	2912
sll1950	1602
sll1951	299806
sll1954	358
sll1956	632
sll1960	167
sll1961	777
sll1965	139
sll1967	1087
sll1969	173
sll1971	434
sll1973	763
sll1979	635
sll1982	315
sll1983	106
sll1984	32
sll1985	68
sll1988	1247
sll1995	399
sll1997	26
sll1998	119
sll1999	33
sll2002	513
sll2003	786
sll2006	331
sll2007	262
sll2008	708
sll2009	259
sll2011	285
sll2013	239
sll2015	215
sll5002	282
sll5003	86
sll5004	209
sll5006	167
sll5014	45
sll5026	236
sll5028	323
sll5030	905
sll5032	272
sll5033	580
sll5034	883
sll5035	209
sll5036	87
sll5041	79
sll5042	264
sll5043	44
sll5044	60
sll5046	410
sll5047	277
sll5048	655
sll5049	500
sll5050	527
sll5052	499
sll5057	357
sll5059	589
sll5060	476
sll5061	96
sll5062	115
sll5063	1189
sll5066	199
sll5067	41
sll5069	409
sll5072	15
sll5075	170
sll5076	107
sll5079	465
sll5080	539
sll5081	84
sll5083	442
sll5084	25
sll5086	116
sll5089	176
sll5090	293
sll5094	19
sll5097	116
sll5104	145
sll5107	39
sll5109	274
sll5122	291
sll5123	131
sll5128	529
sll5130	42
sll5131	22
sll5132	161
sll6010	372
sll6017	769
sll6036	266
sll6052	63
sll6053	538
sll6054	237
sll6055	668
sll6059	38
sll6060	33
sll6069	385
sll6076	778
sll6093	232
sll6098	642
sll6109	216
sll7001	14
sll7002	26
sll7003	126
sll7006	62
sll7009	37
sll7027	148
sll7028	641
sll7029	272
sll7030	146
sll7031	88
sll7033	82
sll7034	151
sll7043	260
sll7044	288
sll7047	331
sll7050	104
sll7055	170
sll7056	17
sll7062	202
sll7063	731
sll7064	68
sll7065	150
sll7066	453
sll7067	629
sll7069	240
sll7070	372
sll7075	74
sll7077	48
sll7078	72
sll7085	206
sll7086	47
sll7087	156
sll7089	218
sll7090	589
sll7103	0
sll7106	50
sll8001	634
sll8002	141
sll8004	116
sll8006	594
sll8007	187
sll8009	133
sll8011	108
sll8012	170
sll8017	205
sll8018	839
sll8019	218
sll8020	78
sll8025	18
sll8027	93
sll8032	18
sll8033	15
sll8034	50
sll8035	26
sll8040	94
sll8042	32
sll8043	49
sll8048	198
sll8049	531
slr0001	1026
slr0006	425
slr0007	449
slr0013	1203
slr0016	230
slr0019	455
slr0022	271
slr0023	242
slr0031	1738
slr0033	408
slr0038	823
slr0039	1060
slr0042	225
slr0049	3132
slr0050	1444
slr0053	1385
slr0058	805
slr0059	334
slr0060	354
slr0061	206
slr0064	846
slr0065	160
slr0067	931
slr0069	125
slr0073	2770
slr0076	1439
slr0078	328
slr0081	1518
slr0082	6925
slr0086	344
slr0091	200
slr0092	139
slr0095	207
slr0096	1707
slr0099	129
slr0103	460
slr0104	1293
slr0105	197
slr0106	107
slr0108	439
slr0109	189
slr0110	717
slr0111	184
slr0112	426
slr0114	601
slr0115	521
slr0116	378
slr0120	192
slr0121	985
slr0142	87
slr0143	839
slr0144	5721
slr0145	1496
slr0146	510
slr0147	1391
slr0148	725
slr0149	851
slr0151	2096
slr0152	601
slr0157	209
slr0166	7
slr0168	1069
slr0169	1242
slr0179	202
slr0180	37
slr0181	442
slr0184	215
slr0192	267
slr0193	2856
slr0195	107
slr0196	78
slr0197	334
slr0199	519
slr0204	80
slr0207	316
slr0208	967
slr0209	807
slr0210	256
slr0211	2605
slr0214	319
slr0217	868
slr0222	469
slr0224	199
slr0226	1525
slr0230	121
slr0231	27
slr0232	88
slr0236	1661
slr0238	245
slr0240	933
slr0241	1643
slr0243	421
slr0244	2290
slr0245	384
slr0249	145
slr0250	1637
slr0251	1209
slr0252	373
slr0254	205
slr0262	386
slr0263	238
slr0264	548
slr0265	117
slr0267	403
slr0269	264
slr0270	260
slr0271	68
slr0272	67
slr0273	248
slr0280	832
slr0284	3426
slr0285	123
slr0286	180
slr0287	2916
slr0291	72
slr0292	321
slr0294	156
slr0299	198
slr0300	97
slr0302	636
slr0303	330
slr0304	345
slr0305	126
slr0306	557
slr0309	504
slr0311	706
slr0312	411
slr0313	40
slr0314	78
slr0315	158
slr0316	140
slr0317	48
slr0318	193
slr0320	461
slr0322	3858
slr0324	437
slr0325	150
slr0326	520
slr0328	113
slr0333	587
slr0334	518
slr0337	1324
slr0338	1292
slr0341	399
slr0345	432
slr0347	191
slr0348	1005
slr0350	104
slr0351	765
slr0352	130
slr0353	23
slr0354	269
slr0355	3245
slr0356	338
slr0358	691
slr0359	1122
slr0360	1279
slr0361	509
slr0362	444
slr0363	149
slr0364	1460
slr0366	1315
slr0369	7983
slr0373	8816
slr0374	18411
slr0376	5991
slr0377	988
slr0378	939
slr0379	446
slr0380	755
slr0381	392
slr0383	112
slr0384	789
slr0386	467
slr0388	78
slr0392	79
slr0393	115
slr0397	476
slr0398	1384
slr0400	632
slr0401	655
slr0402	232
slr0404	3649
slr0407	268
slr0408	4139
slr0416	180
slr0418	553
slr0420	1861
slr0421	278
slr0427	518
slr0431	1148
slr0438	378
slr0439	379
slr0440	254
slr0442	3388
slr0443	871
slr0445	183
slr0449	81
slr0453	10272
slr0454	1410
slr0455	475
slr0456	558
slr0458	154
slr0459	582
slr0460	184
slr0462	27
slr0468	319
slr0474	793
slr0476	4785
slr0479	346
slr0482	172
slr0483	7496
slr0484	4148
slr0487	239
slr0488	597
slr0489	149
slr0491	76
slr0495	77
slr0496	27
slr0498	266
slr0503	2438
slr0505	408
slr0509	357
slr0510	301
slr0511	100
slr0513	1549
slr0514	323
slr0516	246
slr0517	498
slr0519	426
slr0521	381
slr0522	178
slr0523	1364
slr0529	144
slr0530	113
slr0531	114
slr0533	232
slr0535	3129
slr0537	750
slr0541	264
slr0544	246
slr0545	256
slr0551	8287
slr0552	1979
slr0553	557
slr0554	939
slr0556	165
slr0565	2715
slr0569	957
slr0572	34
slr0573	91
slr0575	814
slr0579	289
slr0580	887
slr0581	348
slr0582	251
slr0583	1037
slr0586	422
slr0587	1619
slr0588	755
slr0589	798
slr0590	547
slr0591	2581
slr0592	553
slr0593	455
slr0594	547
slr0596	400
slr0598	705
slr0599	1475
slr0600	1203
slr0601	359
slr0602	436
slr0605	593
slr0606	1622
slr0607	1668
slr0609	1589
slr0610	338
slr0612	195
slr0613	489
slr0615	1318
slr0616	608
slr0617	1224
slr0619	903
slr0624	903
slr0625	921
slr0626	296
slr0630	762
slr0634	297
slr0635	730
slr0636	120
slr0637	1632
slr0639	358
slr0640	363
slr0642	452
slr0643	940
slr0644	148
slr0645	1682
slr0650	1062
slr0651	219
slr0654	961
slr0655	298
slr0656	467
slr0658	732
slr0664	81
slr0665	2063
slr0666	618
slr0667	216
slr0668	59
slr0670	1341
slr0678	1698
slr0680	797
slr0681	1617
slr0686	432
slr0688	498
slr0689	2514
slr0695	2345
slr0697	494
slr0698	67
slr0699	46
slr0700	239
slr0702	169
slr0703	62
slr0704	103
slr0708	3173
slr0709	291
slr0711	373
slr0712	272
slr0719	819
slr0722	169
slr0723	269
slr0725	28
slr0727	332
slr0728	641
slr0729	891
slr0730	221
slr0731	1643
slr0732	61
slr0734	120
slr0740	580
slr0742	1678
slr0748	233
slr0751	1019
slr0755	911
slr0756	2179
slr0757	802
slr0758	1578
slr0765	1576
slr0769	1553
slr0770	206
slr0771	93
slr0773	2483
slr0779	243
slr0780	1468
slr0782	488
slr0784	757
slr0787	125
slr0788	33
slr0789	365
slr0793	15
slr0794	268
slr0795	79
slr0797	81
slr0798	496
slr0799	52
slr0800	79
slr0801	145
slr0806	1080
slr0808	169
slr0810	285
slr0812	163
slr0813	347
slr0815	258
slr0816	236
slr0818	361
slr0820	371
slr0821	316
slr0822	1067
slr0825	2148
slr0829	1232
slr0841	541
slr0842	910
slr0845	329
slr0846	83
slr0848	1664
slr0852	468
slr0856	85
slr0857	50
slr0863	649
slr0864	1603
slr0865	682
slr0867	88
slr0868	50
slr0869	706
slr0870	76
slr0871	64
slr0872	381
slr0876	1490
slr0877	3622
slr0878	526
slr0880	539
slr0881	328
slr0882	1046
slr0885	442
slr0887	397
slr0888	2227
slr0889	1428
slr0890	84
slr0895	186
slr0896	190
slr0897	1035
slr0904	889
slr0907	3098
slr0909	929
slr0912	534
slr0913	340
slr0914	466
slr0915	82870
slr0919	172
slr0920	146
slr0921	163
slr0923	4007
slr0924	4566
slr0929	447
slr0930	696
slr0935	258
slr0937	1090
slr0938	878
slr0941	256
slr0942	556
slr0944	164
slr0945	97
slr0947	1510
slr0948	540
slr0950	211
slr0951	65
slr0953	671
slr0954	2900
slr0955	3105
slr0957	1183
slr0959	1630
slr0960	342
slr0962	1645
slr0964	652
slr0967	952
slr0971	2245
slr0975	2353
slr0976	1173
slr0977	996
slr0978	980
slr0980	928
slr0981	1540
slr0989	277
slr0990	754
slr0992	278
slr1019	187
slr1023	156
slr1024	424
slr1025	150
slr1028	3431
slr1032	100
slr1033	310
slr1034	217
slr1035	124
slr1037	165
slr1039	212
slr1041	578
slr1042	1010
slr1043	1413
slr1045	656
slr1046	304
slr1048	573
slr1050	1610
slr1052	305
slr1053	409
slr1056	532
slr1062	890
slr1063	1951
slr1065	1747
slr1066	1061
slr1068	433
slr1069	281
slr1070	687
slr1071	1004
slr1073	923
slr1074	1022
slr1075	258
slr1076	1368
slr1077	1998
slr1079	524
slr1081	977
slr1082	709
slr1083	979
slr1084	685
slr1085	1468
slr1087	1658
slr1090	1242
slr1094	267
slr1095	98
slr1097	425
slr1098	1051
slr1100	608
slr1101	284
slr1102	1718
slr1103	3668
slr1104	2096
slr1107	633
slr1110	251
slr1113	468
slr1114	1755
slr1115	506
slr1116	440
slr1117	343
slr1119	929
slr1122	715
slr1127	2584
slr1128	1712
slr1134	217
slr1135	245
slr1140	1829
slr1142	673
slr1143	555
slr1147	1058
slr1148	85
slr1149	1261
slr1150	595
slr1152	6054
slr1160	1107
slr1161	681
slr1162	408
slr1163	573
slr1166	779
slr1168	285
slr1169	879
slr1170	344
slr1171	2184
slr1173	2847
slr1174	636
slr1177	1354
slr1178	1262
slr1179	1278
slr1182	133
slr1183	80
slr1184	95
slr1186	468
slr1187	1627
slr1189	435
slr1192	2458
slr1194	1107
slr1195	411
slr1196	1001
slr1197	617
slr1198	10042
slr1201	580
slr1203	298
slr1205	1280
slr1206	633
slr1207	962
slr1208	546
slr1209	33
slr1210	27
slr1213	85
slr1214	111
slr1215	254
slr1218	452
slr1220	2324
slr1222	303
slr1229	404
slr1230	124
slr1232	274
slr1234	803
slr1235	1065
slr1236	365
slr1240	974
slr1241	584
slr1243	484
slr1245	49
slr1246	152
slr1253	1116
slr1257	148
slr1258	453
slr1259	1973
slr1260	829
slr1261	734
slr1262	915
slr1263	1164
slr1266	431
slr1270	3440
slr1272	5024
slr1273	2236
slr1275	1827
slr1276	1622
slr1278	204
slr1282	61
slr1283	57
slr1285	853
slr1287	459
slr1288	624
slr1290	256
slr1293	87
slr1298	678
slr1299	733
slr1301	1280
slr1302	1277
slr1303	349
slr1305	700
slr1306	2714
slr1307	56
slr1315	164
slr1322	812
slr1324	557
slr1327	109
slr1334	558
slr1336	1294
slr1338	313
slr1339	184
slr1340	185
slr1342	1217
slr1343	375
slr1344	310
slr1353	768
slr1357	155
slr1362	364
slr1363	886
slr1376	1528
slr1378	542
slr1383	189
slr1384	578
slr1385	351
slr1391	359
slr1393	951
slr1394	622
slr1395	192
slr1396	559
slr1397	1254
slr1398	667
slr1400	1470
slr1403	25305
slr1406	1591
slr1407	757
slr1409	684
slr1410	866
slr1411	1200
slr1413	938
slr1414	279
slr1415	267
slr1417	1525
slr1419	303
slr1420	188
slr1421	164
slr1424	440
slr1425	156
slr1428	1742
slr1429	485
slr1431	2695
slr1436	722
slr1437	781
slr1438	1940
slr1440	139
slr1441	21
slr1442	701
slr1444	606
slr1449	615
slr1450	126
slr1451	580
slr1456	127
slr1461	465
slr1462	426
slr1464	103
slr1467	222
slr1468	107
slr1470	2138
slr1471	4828
slr1472	555
slr1474	996
slr1478	217
slr1484	218
slr1485	70
slr1488	125
slr1493	40
slr1494	176
slr1495	652
slr1501	188
slr1503	719
slr1505	1379
slr1506	4052
slr1507	2164
slr1508	2269
slr1512	970
slr1513	338
slr1515	1279
slr1520	300
slr1522	238
slr1523	394
slr1524	101
slr1529	895
slr1530	143
slr1533	337
slr1534	364
slr1535	8878
slr1537	314
slr1540	1010
slr1541	408
slr1542	299
slr1543	402
slr1544	192
slr1546	1743
slr1547	1041
slr1552	614
slr1557	1819
slr1563	461
slr1565	346
slr1566	629
slr1567	523
slr1568	188
slr1570	747
slr1571	384
slr1572	668
slr1573	1754
slr1575	291
slr1576	291
slr1577	190
slr1579	2347
slr1583	3598
slr1584	1699
slr1585	56
slr1586	17
slr1588	678
slr1590	1470
slr1591	251
slr1592	43
slr1593	3932
slr1594	784
slr1595	284
slr1597	227
slr1599	576
slr1600	2132
slr1601	1298
slr1603	1060
slr1609	1577
slr1610	1110
slr1611	609
slr1612	1722
slr1613	1327
slr1614	415
slr1616	1319
slr1617	1660
slr1618	1549
slr1619	1659
slr1623	1023
slr1624	2025
slr1626	621
slr1627	419
slr1628	270
slr1629	403
slr1634	1228
slr1635	39
slr1636	405
slr1638	1626
slr1644	1194
slr1647	590
slr1648	658
slr1649	578
slr1652	376
slr1657	724
slr1658	657
slr1659	307
slr1660	730
slr1661	711
slr1664	624
slr1667	26
slr1668	852
slr1670	1328
slr1674	1097
slr1676	1058
slr1677	1477
slr1679	269
slr1681	514
slr1682	22
slr1683	62
slr1684	24
slr1686	926
slr1687	189
slr1690	483
slr1692	1268
slr1693	1730
slr1694	1377
slr1699	450
slr1702	392
slr1704	2095
slr1708	6678
slr1712	579
slr1715	74
slr1716	34
slr1717	1025
slr1718	2295
slr1721	1488
slr1724	960
slr1726	265
slr1727	1241
slr1732	1556
slr1735	637
slr1736	755
slr1737	414
slr1738	695
slr1739	172
slr1740	713
slr1742	278
slr1747	489
slr1748	240
slr1752	724
slr1753	3662
slr1759	252
slr1760	140
slr1762	318
slr1763	906
slr1767	69
slr1768	769
slr1770	373
slr1771	445
slr1772	292
slr1773	164
slr1774	186
slr1776	640
slr1778	211
slr1780	829
slr1783	444
slr1787	412
slr1788	76
slr1789	113
slr1790	963
slr1794	2139
slr1796	502
slr1799	1079
slr1800	522
slr1805	831
slr1807	487
slr1809	638
slr1811	101
slr1812	99
slr1813	494
slr1814	270
slr1815	523
slr1816	1221
slr1818	395
slr1819	753
slr1820	435
slr1821	1400
slr1826	235
slr1827	230
slr1829	1503
slr1837	655
slr1840	971
slr1841	105543
slr1846	732
slr1847	777
slr1851	1149
slr1852	3518
slr1853	1278
slr1854	2907
slr1855	8419
slr1856	1266
slr1859	873
slr1861	235
slr1862	164
slr1863	251
slr1864	386
slr1865	965
slr1866	494
slr1869	1227
slr1870	714
slr1871	87
slr1876	96
slr1880	521
slr1882	263
slr1885	816
slr1886	2115
slr1888	630
slr1894	2438
slr1895	1081
slr1896	397
slr1900	1264
slr1901	572
slr1902	119
slr1903	69
slr1906	242
slr1907	439
slr1908	98481
slr1909	990
slr1911	437
slr1912	548
slr1913	335
slr1914	162
slr1915	544
slr1916	951
slr1917	614
slr1918	1914
slr1919	557
slr1920	121
slr1923	647
slr1924	427
slr1926	3246
slr1927	3530
slr1928	640
slr1929	464
slr1930	339
slr1931	799
slr1932	1385
slr1934	1713
slr1935	806
slr1936	134
slr1937	54
slr1938	1580
slr1939	1356
slr1940	1009
slr1942	905
slr1944	1263
slr1946	592
slr1949	813
slr1950	726
slr1951	353
slr1956	87
slr1957	2304
slr1958	2758
slr1959	157
slr1962	411
slr1963	17008
slr1964	505
slr1966	542
slr1968	457
slr1969	758
slr1970	1532
slr1971	403
slr1972	1705
slr1974	2768
slr1975	645
slr1977	237
slr1978	517
slr1980	176
slr1982	1193
slr1983	1310
slr1990	666
slr1992	1081
slr1998	307
slr1999	118
slr2000	236
slr2001	1501
slr2002	2099
slr2003	268
slr2004	1061
slr2005	1097
slr2006	23
slr2008	199
slr2010	141
slr2011	247
slr2012	385
slr2013	911
slr2015	2488
slr2016	428
slr2017	1285
slr2018	3353
slr2019	1775
slr2024	665
slr2025	1259
slr2027	336
slr2030	837
slr2031	303
slr2034	1885
slr2036	33
slr2037	31
slr2038	36
slr2042	296
slr2044	111
slr2045	151
slr2046	8166
slr2048	1076
slr2049	1024
slr2052	5764
slr2053	1519
slr2059	231
slr2060	400
slr2062	2608
slr2070	926
slr2071	173
slr2073	10099
slr2077	303
slr2078	112
slr2079	242
slr2080	200
slr2084	415
slr2092	103
slr2095	170
slr2096	103
slr2098	1031
slr2099	203
slr2100	359
slr2101	406
slr2103	420
slr2104	383
slr2105	782
slr2110	23
slr2111	96
slr2112	55
slr2113	34
slr2115	307
slr2117	157
slr2118	226
slr2119	475
slr2120	777
slr2121	399
slr2122	545
slr2123	1085
slr2124	682
slr2125	533
slr2126	441
slr2127	166
slr2128	542
slr2131	2186
slr2141	493
slr2144	1838
slr5005	3686
slr5010	133
slr5012	189
slr5013	216
slr5016	108
slr5017	78
slr5018	43
slr5021	116
slr5022	340
slr5023	228
slr5024	110
slr5029	76
slr5037	7
slr5038	242
slr5040	71
slr5051	671
slr5053	30
slr5054	25
slr5055	68
slr5056	299
slr5058	812
slr5071	1876
slr5073	335
slr5077	290
slr5078	306
slr5082	625
slr5085	26
slr5087	89
slr5088	102
slr5093	348
slr5101	125
slr5102	138
slr5105	94
slr5110	1154
slr5111	342
slr5112	310
slr5115	389
slr5116	154
slr5118	396
slr5119	1336
slr5124	542
slr5126	524
slr5127	447
slr6001	1983
slr6004	49
slr6005	151
slr6006	156
slr6007	57
slr6008	267
slr6009	34
slr6011	102
slr6012	1641
slr6013	352
slr6014	348
slr6015	472
slr6016	597
slr6021	79
slr6022	218
slr6025	2
slr6028	9
slr6029	37
slr6031	214
slr6033	40
slr6034	143
slr6037	254
slr6038	141
slr6039	465
slr6040	198
slr6041	173
slr6042	498
slr6043	600
slr6044	263
slr6045	81
slr6047	1278
slr6049	287
slr6050	969
slr6051	83
slr6056	190
slr6057	436
slr6058	151
slr6063	115
slr6064	154
slr6065	160
slr6066	61
slr6067	268
slr6068	42
slr6070	112
slr6071	1740
slr6072	351
slr6073	374
slr6074	453
slr6075	594
slr6080	81
slr6081	197
slr6084	4
slr6087	20
slr6088	52
slr6090	840
slr6091	57
slr6094	29
slr6095	584
slr6096	416
slr6097	474
slr6100	3401
slr6101	245
slr6102	965
slr6103	278
slr6104	85
slr6105	36
slr6106	69
slr6107	136
slr6108	143
slr6110	2134
slr7005	19
slr7008	48
slr7010	172
slr7011	368
slr7012	216
slr7013	77
slr7014	41
slr7015	19
slr7016	84
slr7023	159
slr7024	551
slr7025	75
slr7026	28
slr7032	64
slr7037	235
slr7041	99
slr7049	58
slr7052	29
slr7054	97
slr7057	227
slr7058	61
slr7059	391
slr7060	778
slr7061	702
slr7068	263
slr7071	155
slr7073	1126
slr7076	48
slr7080	465
slr7081	276
slr7082	63
slr7083	60
slr7088	26
slr7091	34
slr7092	68
slr7094	185
slr7095	73
slr7096	59
slr7097	125
slr7098	16
slr7099	40
slr7100	196
slr7101	164
slr7102	169
slr7104	98
slr7105	39
slr8014	82
slr8015	172
slr8016	147
slr8021	101
slr8022	51
slr8023	251
slr8026	96
slr8029	41
slr8030	2098
slr8036	652
slr8037	275
slr8038	2702
slr8044	84
slr8045	37
slr8046	29
slt	2380
smpB	316
smr0002	2
sms	283
smtB	113
sodB	10934
sohA	46
speA	3993
speB	463
sphS	484
sphX	7144
spoIID	728
spoT	1825
spoU	487
sppA	1313
sps	324
spsA	167
spsC	50
sqdB	5711
srrA	771
ssb	1137
ssl0172	19
ssl0242	441
ssl0259	435
ssl0294	547
ssl0296	7
ssl0312	333
ssl0331	30
ssl0350	379
ssl0352	289
ssl0353	442
ssl0410	892
ssl0426	8
ssl0438	93
ssl0461	414
ssl0467	1025
ssl0483	3451
ssl0511	161
ssl0564	455
ssl0738	21
ssl0750	45
ssl0769	122
ssl0787	280
ssl0788	420
ssl0832	385
ssl1004	145
ssl1045	17
ssl1046	619
ssl1255	225
ssl1263	921
ssl1277	15
ssl1300	255
ssl1326	95
ssl1378	177
ssl1464	43
ssl1498	431
ssl1507	29
ssl1520	117
ssl1533	2804
ssl1552	310
ssl1633	6084
ssl1690	947
ssl1707	127
ssl1792	23
ssl1807	578
ssl1911	7097
ssl1918	547
ssl1920	23
ssl1922	3
ssl1923	105
ssl1972	669
ssl2009	426
ssl2069	66
ssl2138	116
ssl2148	491
ssl2162	177
ssl2245	5983
ssl2250	274
ssl2384	136
ssl2420	38
ssl2471	13
ssl2501	5529
ssl2559	180
ssl2595	300
ssl2667	1660
ssl2717	377
ssl2733	62
ssl2749	51
ssl2781	292
ssl2789	46
ssl2823	157
ssl2874	705
ssl2920	97
ssl2971	427
ssl2982	724
ssl3044	220
ssl3127	21
ssl3291	1256
ssl3364	4173
ssl3379	266
ssl3382	325
ssl3383	334
ssl3446	94
ssl3451	138
ssl3549	1739
ssl3573	48
ssl3615	120
ssl3692	44
ssl3712	128
ssl3769	1699
ssl3829	225
ssl5001	71
ssl5007	0
ssl5008	1
ssl5015	18
ssl5025	133
ssl5027	33
ssl5031	32
ssl5039	86
ssl5045	11
ssl5064	32
ssl5065	13
ssl5068	53
ssl5070	367
ssl5091	3
ssl5095	78
ssl5096	7
ssl5098	94
ssl5099	20
ssl5100	9
ssl5103	36
ssl5108	41
ssl5113	331
ssl5114	150
ssl5125	6
ssl5129	37
ssl6018	101
ssl6023	148
ssl6035	80
ssl6061	6
ssl6077	85
ssl6082	139
ssl6092	98
ssl7004	71
ssl7007	112
ssl7019	16
ssl7020	9
ssl7021	43
ssl7022	7
ssl7038	65
ssl7039	48
ssl7042	32
ssl7045	55
ssl7046	109
ssl7048	30
ssl7051	6
ssl7053	15
ssl7074	239
ssl8003	34
ssl8005	69
ssl8008	190
ssl8010	210
ssl8024	7
ssl8028	26
ssl8039	115
ssl8041	1
ssr0109	592
ssr0256	6
ssr0332	321
ssr0336	118
ssr0349	136
ssr0536	1798
ssr0657	272
ssr0692	10454
ssr0693	304
ssr0756	134
ssr0759	97
ssr0761	148
ssr0817	18
ssr0871	23
ssr1038	844
ssr1041	85
ssr1114	139
ssr1155	793
ssr1175	36
ssr1176	34
ssr1256	410
ssr1258	238
ssr1375	1593
ssr1391	40
ssr1407	457
ssr1480	13972
ssr1499	54
ssr1513	6
ssr1527	28
ssr1528	563
ssr1558	89
ssr1562	2195
ssr1600	2186
ssr1698	523
ssr1765	267
ssr1766	156
ssr1768	354
ssr1853	159
ssr1951	403
ssr2009	78
ssr2016	30
ssr2047	618
ssr2060	123
ssr2062	1597
ssr2067	283
ssr2078	51
ssr2087	408
ssr2130	437
ssr2153	5506
ssr2194	197
ssr2201	66
ssr2227	88
ssr2315	137
ssr2317	176
ssr2318	88
ssr2333	324
ssr2406	235
ssr2422	301
ssr2439	17
ssr2549	126
ssr2551	214
ssr2554	636
ssr2595	201
ssr2611	332
ssr2699	14
ssr2708	64
ssr2711	99
ssr2723	751
ssr2754	317
ssr2781	289
ssr2786	61
ssr2802	32
ssr2803	111
ssr2806	227
ssr2843	79
ssr2848	106
ssr2857	263
ssr2898	12
ssr2912	87
ssr2962	51
ssr2972	65
ssr2998	1057
ssr3000	418
ssr3122	565
ssr3129	143
ssr3184	604
ssr3188	210
ssr3189	2982
ssr3300	74
ssr3304	103
ssr3341	984
ssr3402	248
ssr3409	48
ssr3410	30
ssr3452	94
ssr3465	467
ssr3467	400
ssr3532	133
ssr3570	352
ssr3571	643
ssr5009	106
ssr5011	40
ssr5019	19
ssr5020	248
ssr5074	86
ssr5092	24
ssr5106	18
ssr5117	37
ssr5120	209
ssr5121	293
ssr6002	23
ssr6003	16
ssr6019	98
ssr6020	0
ssr6024	4
ssr6026	5
ssr6027	2
ssr6030	251
ssr6032	0
ssr6046	607
ssr6048	424
ssr6062	2
ssr6078	90
ssr6079	0
ssr6083	3
ssr6085	7
ssr6086	3
ssr6089	267
ssr6099	111
ssr7017	37
ssr7018	657
ssr7035	7
ssr7036	1454
ssr7040	78
ssr7072	61
ssr7079	46
ssr7084	9
ssr7093	27
ssr8013	72
ssr8047	83
stpA	1141
sucC	846
sucD	1416
sufA	1243
suhB	1561
sulA	682
talB	6294
tar	303
tgt	1132
thdF	402
thiC	6815
thiE	610
thiG	1628
thl	952
thrA	888
thrB	344
thrC	21349
thrS	1447
tig	3507
tktA	28755
todF	665
topA	3255
tpi	844
trmD	911
trpA	1259
trpB	2356
trpC	266
trpD	1189
trpE	3915
trpF	155
trpG	584
trpS	440
truA	2644
truB	247
trx	327
trxA	7552
trxM	236
tsf	3010
tufA	26837
tyrA	446
tyrS	578
ubiA	1023
ubiH	846
ubiX	169
umpS	588
umuC	69
upp	1299
ureA	645
ureB	586
ureC	1670
ureD	860
ureE	170
ureF	939
ureG	557
uvrA	1700
uvrB	610
uvrC	190
uvrD	1584
valS	2819
vapB	93
vapC	173
xerC	906
xthA	163
xylR	189
ycf10	91
ycf16	831
ycf19	2355
ycf20	132
ycf21	123
ycf22	1305
ycf23	5269
ycf24	2809
ycf3	629
ycf32	1673
ycf33	401
ycf34	328
ycf35	791
ycf36	337
ycf37	1051
ycf38	1964
ycf39	1084
ycf4	1886
ycf40	244
ycf43	733
ycf44	1218
ycf45	2327
ycf46	667
ycf47	962
ycf6	101
ycf9	2890
yefA	1549
yibO	3481
ymxG	3356
ytfC	2564
zam	1536
ziaA	775
zntC	169
zwf	3124
__no_feature	1167785
__ambiguous	382194
__too_low_aQual	0
__not_aligned	352425
__alignment_not_unique	0
